Nguyen; Albert; nguyen.albert@hotmail.fr;0783452699
CHAUVEAU;CYPRIEN;cyprien.chauveau@orange.fr;0643689799
Hu;helene;helene_hu@live.com;0768168269
Benmouffek;Jeremy;jeremybnfk@gmail.com;0751637908
Malkawi;Jalal;jalal.malkawi02@yahoo.fr;0781693799
Courtillet;Max;courtilletmax@gmail.com;0688213274
Huang;Laurence;huang_xiaoxuan@hotmail.com;0749008633
BALDE;MAMADOU SALIOU;msbalde2001@gmail.com;0751835166